# Netlify redirects file
# https://docs.netlify.com/routing/redirects/

# Root redirect
/               /index.html                     200

# Documentation redirects
/docs           /docs/getting-started.html      301
/documentation  /docs/getting-started.html      301
/guide          /docs/getting-started.html      301
/setup          /docs/getting-started.html      301

# Quick access redirects
/github         https://github.com/r3e-network/neo-rs    301
/source         https://github.com/r3e-network/neo-rs    301
/repo           https://github.com/r3e-network/neo-rs    301

# Community redirects
/discord        https://discord.gg/neo                   301
/chat           https://discord.gg/neo                   301
/community      https://discord.gg/neo                   301

# Social redirects
/twitter        https://twitter.com/neo_blockchain       301
/reddit         https://reddit.com/r/NEO                 301

# Release and download redirects
/download       https://github.com/r3e-network/neo-rs/releases/latest    301
/releases       https://github.com/r3e-network/neo-rs/releases           301
/latest         https://github.com/r3e-network/neo-rs/releases/latest    301

# Documentation specific redirects
/api            /docs/api-reference.html                 301
/config         /docs/configuration.html                 301
/install        /docs/getting-started.html               301
/docker         /docs/docker.html                        301
/kubernetes     /docs/kubernetes.html                    301
/monitoring     /docs/monitoring.html                    301
/troubleshoot   /docs/troubleshooting.html               301

# Legacy URL support
/getting-started /docs/getting-started.html              301
/quick-start     /docs/getting-started.html              301
/installation    /docs/getting-started.html              301

# Short URLs for sharing
/perf           /index.html#performance                  301
/features       /index.html#features                     301
/start          /docs/getting-started.html               301

# Handle potential typos
/doc            /docs/getting-started.html               301
/help           /docs/getting-started.html               301
/support        /docs/troubleshooting.html               301

# API versioning (future-proofing)
/v1/*           /api/v1/:splat                          301
/api/v1/*       https://api.neo-rs.org/v1/:splat        301

# Asset optimization redirects
/favicon.ico    /assets/favicon.ico                      301
/robots.txt     /robots.txt                              200

# Handle missing pages - catch-all should be last
/*              /index.html                              404